<?xml version="1.0" encoding="UTF-8"?>
<!DOCTYPE mapper
    PUBLIC "-//mybatis.org//DTD Mapper 3.0//EN"
    "https://mybatis.org/dtd/mybatis-3-mapper.dtd">
<mapper namespace="com.jeho.spring.dao.PostDAO">
<!-- id는 mapping된 dao의 메서드 이름을 따른다. -->
<insert id="doMagic">
	insert into post (title, writer, content)
	values (#{title}, #{writer}, #{content})
</insert>

<select id="getList" resultType="com.jeho.spring.domain.PostDTO" >
	select num, title, writer, register_date, read_count from post
	where is_del = 'N'
	order by num desc
	limit #{currentPage}, #{postPerPage}
</select>
<select id="getTotal" resultType="int">
	select count(num) from post where is_del = 'N'
	<include refid="search"></include>
</select>
<select id="getDetail" resultType="com.jeho.spring.domain.PostDTO">
<!-- register_date는 제외됨. -->
	select num, title, writer, content from post
	where is_del = 'N' AND num = #{content}
</select>

<update id="increaseCount">
	update post set read_count = read_count + 1
	where num = #{content}
</update>

<update id="updatePost">
	update post set title = #{title}, content=#{content}
	where num = #{num}	
</update>


<!-- search 동적 쿼리 -->
<!-- 
	select * from post
	where is_del = 'N'
	and (title like concat('%', keyword, '%') or
		writer like concat('%' #{keyword}, '%') or
		content like concat('%', #{keyword}, '%') )
	order by num desc
	limit #{startPage} #{totalPage}

 -->
 <sql id="search">
 	<if test="type!=null">
 		<trim prefix="and (" suffix=")" suffixOverrides="or">
 			<foreach collection="typeToArray" item="type">
 				<trim suffix="or">
 					<choose>
 						<when test="type == 't'.toString()">
 							title like concat('%', #{keyword}, '%')
 						</when>
 						<when test="type == 'w'.toString()">
 							writer like concat('%', #{keyword}, '%')
 						</when>
 						<when test="type == 'c'.toString()">
 							content like concat('%', #{keyword}, '%')
 						</when>
 					</choose>
 				</trim>
 			</foreach> 		
 		</trim>
 	</if>
 </sql>
</mapper>