<?xml version="1.0" encoding="UTF-8"?>
<configuration>

  <appender name="STDOUT" class="ch.qos.logback.core.ConsoleAppender">
    <!-- encoders are  by default assigned the type
         ch.qos.logback.classic.encoder.PatternLayoutEncoder -->
    <encoder>
      <pattern>%d %-5p - %msg%n</pattern>
    </encoder>
    <!-- log4j:WARN No appenders could be found for logger (org.springframework.web.context.ContextLoader).  -->
    <!-- 계속 위의 경고가 뜨길래 이거 왜 그러냐고 ChatGPT에게 물어봄. appendar이 완전히 설정되지 않은 것 같다는 답이 옴. -->
    <!-- root을 붙여보라길래 붙여봄. 나중에 문제 생기면 삭제 예정. -->
<!--     <root level="info">
    	<appender-ref ref="STDOUT" />
	</root> -->
  </appender>
  
  <!-- Application Loggers -->
  <logger name="com.ezen.spring" level="info" appender-ref="STDOUT" />
  <logger name="org.springframework.core" level="info" appender-ref="STDOUT" />
  <logger name="org.springframework.beans" level="info" appender-ref="STDOUT" />
  <logger name="org.springframework.context" level="info" appender-ref="STDOUT" />
  <logger name="org.springframework.web" level="info" appender-ref="STDOUT" />
  <logger name="org.springframework.jdbc" level="info" appender-ref="STDOUT" />
  <logger name="jdbc.sqlonly" level="info" appender-ref="STDOUT" />
  <logger name="jdbc.resultsettable" level="info" appender-ref="STDOUT" />  

  <root level="INFO">
    <appender-ref ref="STDOUT" />
  </root>
</configuration>