<?xml version="1.0" encoding="UTF-8"?>
<!DOCTYPE mapper
    PUBLIC "-//mybatis.org//DTD Mapper 3.0//EN"
    "https://mybatis.org/dtd/mybatis-3-mapper.dtd">
    
<mapper namespace="com.ezen.spring.dao.UserDAO">

	<insert id="insert">
		insert into user(email, pwd, nickName)
		values(#{email}, #{pwd}, #{nickName})
	</insert>
	<!-- 회원가입 후 권한 부여 --> 
	<insert id="insertAuthInit">
		insert into auth(email, auth)
		values(#{email}, 'ROLE_USER')
	</insert>
	<select id="selectEmail" resultType="com.ezen.spring.domain.UserVO">
		select * from user where email = #{email}
	</select>
	<select id="selectAuths" resultType="com.ezen.spring.domain.AuthVO">
		select * from auth where email = #{email}
	</select>
	<update id="updateLastLogin">
		update user set lastLogin = now() 
		where email = #{email}
	</update>
	
	<select id="getList" resultType="com.ezen.spring.domain.UserVO">
		select * from user order by reg_date desc
	</select>
	<update id="modifyPwdEmpty">
		update user set nickName = #{nickName}
		where email = #{email}
	</update>
	<update id="modify">
		update user set nickName = #{nickName}, pwd = #{pwd}
		where email = #{email}
	</update>
	<delete id="remove">
		delete from user where email = #{email}
	</delete>
	<delete id="removeAuth">
		delete from auth where email = #{email}
	</delete>
	
	
	
	
	
	
</mapper>